name,paths,merge,precision,oracle-path
a,2.60513,30.5178,0.744,20.9846
b,-2.2,27.9458,0.978,0
c,20.3704,20.3704,1,20.3704
d,38.5783,43.5109,0.951,41.3478
e,22.8207,37.7622,0.842,32.5186
f,1.35714,42.8571,0.585,25.0714
g,8.53873,12.1387,0.964,11.7017
h,13.0855,28.9855,0.841,24.3768
