name,Area,Power
Mixed_Length,0.6862467444,0.7535993583
32bit_Length,0.8884871166,0.9477441348
64bit_Length,1,1
