Tiles,a,b,c,d,e,f,g
1,34.09090909,229.3577982,335.5704698,396.8253968,436.6812227,464.6840149,270.7825616
2,40.10695187,397.8779841,635.5932203,760.1351351,842.6966292,901.4423077,257.9313903
3,40.10695187,397.8779841,806.4516129,1092.23301,1219.512195,1311.188811,289.5193978
4,40.10695187,397.8779841,806.4516129,1156.812339,1518.987342,1637.554585,282.5656965
5,40.10695187,397.8779841,806.4516129,1156.812339,1518.987342,1820.38835,292.997363